design,observation_points,n_points,outcome_window_months,dpd_threshold,rows,unique_contracts,bads,bad_rate_pct,treated_rows,treated_bads
single observation point,-7,1,6,90,24065,24065,15,0.062,2485,2
single observation point,-7,1,6,30,23495,23495,21,0.089,2474,2
single observation point,-13,1,12,90,20739,20739,23,0.111,2251,5
single observation point,-25,1,12,90,27598,27598,100,0.362,1312,2
single observation point,-25,1,12,30,26644,26644,110,0.413,1291,3
stacked observation points,-7 to -58 step 3,18,6,90,434815,46462,2258,0.519,25183,32
stacked observation points,-13 to -55 step 6,8,12,90,179060,36751,1654,0.924,9541,33
stacked observation points,-13 to -58 step 3,16,12,90,363246,38500,3646,1.004,18508,65
stacked observation points,-13 to -58 step 3,16,12,30,349738,37740,4391,1.256,18289,106
